mutation,avg_fitness,min_fitness,max_fitness,std_fitness,avg_time,min_time,max_time,std_time,gen_to_-5,gen_to_-1,time_to_-5,time_to_-1,%_zero_fitness
mutate_gene,-4.925,-8,-2,1.7155024680683844,71.30621213316917,58.02045130729675,77.38754916191101,4.049997908245122,91,,64.89,,0.0
mutate_gene_GCFSA,-1.0,-1,-1,0.0,74.61172069311142,10.601786375045776,130.23227047920227,53.2390348119135,2,8.0,1.49,5.97,0.0
