mutation,avg_fitness,min_fitness,max_fitness,std_fitness,avg_time,min_time,max_time,std_time,gen_to_-5,gen_to_-1,time_to_-5,time_to_-1,%_zero_fitness
mutate_gene,-1.0,-1.0,-1.0,0.0,14.555704194307328,6.666035413742065,33.00141978263855,8.621435074871664,22,58,1.6,4.22,82.5
mutate_gene_GCFSA,,,,,2.2517136871814727,1.4872407913208008,2.7974166870117188,0.5380703346500408,1,1,1.13,1.13,100.0
