mr_tuning,avg_fitness,min_fitness,max_fitness,std_fitness,avg_time,min_time,max_time,std_time
const,0.8484848484848485,0.0,3.0,0.9233229405388196,49.854512604800135,37.67007350921631,51.36230492591858,4.045536672663168
