mutation_rate,avg_fitness,min_fitness,max_fitness,std_fitness,avg_time,min_time,max_time,std_time
0.01,7.125,4.0,11.0,3.06526235962492,61.113609790802,60.79096174240112,61.43625783920288,0.37256187519550865
0.015,5.625,3.0,9.0,2.5617376914898995,61.72511827945709,60.908491134643555,62.54174542427063,0.9429598037713028
0.02,6.75,3.5,11.0,3.1754264805429417,62.87527799606323,62.172826051712036,63.57772994041443,0.8111216383278784
0.025,5.625,3.0,9.0,2.5617376914898995,62.59287774562836,62.348315954208374,62.83743953704834,0.2823956322196475
0.03,6.0,2.5,11.0,3.582364210034113,62.73038840293884,62.360947132110596,63.09982967376709,0.4265940343248928
