mutation_rate,avg_fitness,min_fitness,max_fitness,std_fitness,avg_time,min_time,max_time,std_time
0.0,12.32,2.0,24.0,10.394158278369128,137.7284324169159,134.44952249526978,146.57293248176575,3.8648004083057153
0.0015,13.255,1.9,30.0,11.36988057151553,135.46659665107728,111.48257946968079,151.81053471565247,18.9630769052108
0.005,13.255,2.1,28.0,11.252390389321027,140.47711758613588,136.1009430885315,145.0393044948578,3.1953294243380146
0.01,12.43,1.7,25.0,10.612014045658965,147.34192316532136,131.29488015174866,156.16173100471497,9.182472759277204
0.02,13.365,2.1,28.0,11.323067977410213,106.40998759269715,64.84594631195068,120.0466787815094,21.16569683654647
