mutation_rate,avg_fitness,min_fitness,max_fitness,std_fitness,avg_time,min_time,max_time,std_time
0.01,43.875,29.0,59.0,16.893662519812963,9.58528745174408,9.471902847290039,9.69867205619812,0.13092526380699882
0.02,44.25,28.5,61.0,17.129409407993805,9.636869311332703,9.586838960647583,9.686899662017822,0.057770072871410394
0.03,45.75,30.5,61.0,17.609183210283586,9.64891004562378,9.481873989105225,9.815946102142334,0.19287662439072245
