mutation_rate,avg_fitness,min_fitness,max_fitness,std_fitness,avg_time,min_time,max_time,std_time,gen_to_-5,gen_to_-1,time_to_-5,time_to_-1,%_zero_fitness
0.0,,,,,5.540302491188049,5.108458995819092,6.028350114822388,0.24421840656789703,1,1,2.77,2.77,0.0
0.1,,,,,5.273144292831421,4.04018759727478,5.572240591049194,0.4555928835998253,1,1,2.64,2.64,0.0
1.0,-1.0769230769230769,-2.0,-1.0,0.2773500981126146,73.59878438711166,8.259855270385742,109.07864427566528,47.76132730612796,2,8,1.47,5.89,0.0
